<?xml version="1.0" encoding="UTF-8"?><idempiere Name="Example Plugin" Version="1.0.0" idempiereVersion="" DataBaseVersion="" Description="" Author="" AuthorEmail="" CreatedDate="2024-03-07 20:16:51.447" UpdatedDate="2024-03-07 20:16:51.447" PackOutVersion="100" UpdateDictionary="false" Client="0-SYSTEM-System" AD_Client_UU="11237b53-9592-4af1-b3c5-afd216514b5d">
    <AD_Menu type="table">
        <SeqNo>15</SeqNo>
        <AD_Client_ID>0</AD_Client_ID>
        <AD_Org_ID>0</AD_Org_ID>
        <Name>Plugin Example</Name>
        <Description/>
        <Action/>
        <AD_Window_ID reference="id"/>
        <AD_Workflow_ID reference="id"/>
        <AD_Task_ID reference="id"/>
        <IsActive>Y</IsActive>
        <IsSummary>Y</IsSummary>
        <AD_Process_ID reference="id"/>
        <IsSOTrx>N</IsSOTrx>
        <AD_Form_ID reference="id"/>
        <IsReadOnly>N</IsReadOnly>
        <EntityType>U</EntityType>
        <IsCentrallyMaintained>N</IsCentrallyMaintained>
        <AD_Menu_UU>6e8300b7-32d1-4586-a3cc-6c1b06f20458</AD_Menu_UU>
        <AD_InfoWindow_ID reference="id"/>
        <PredefinedContextVariables/>
        <AD_Menu_Trl type="translation">
            <Description/>
            <Name>Example Plugin</Name>
            <AD_Language>es_CO</AD_Language>
            <IsActive>Y</IsActive>
            <IsTranslated>N</IsTranslated>
        </AD_Menu_Trl>
        <AD_Menu type="table">
            <Parent_ID reference="uuid" reference-key="AD_Menu">6e8300b7-32d1-4586-a3cc-6c1b06f20458</Parent_ID>
            <SeqNo>2</SeqNo>
            <AD_Client_ID>0</AD_Client_ID>
            <AD_Org_ID>0</AD_Org_ID>
            <Name>Table Example</Name>
            <Description/>
            <Action>W</Action>
            <AD_Window_ID reference="uuid" reference-key="AD_Window">6a4c8077-59ca-4137-8b08-cc303183851b</AD_Window_ID>
            <AD_Workflow_ID reference="id"/>
            <AD_Task_ID reference="id"/>
            <IsActive>Y</IsActive>
            <IsSummary>N</IsSummary>
            <AD_Process_ID reference="id"/>
            <IsSOTrx>N</IsSOTrx>
            <AD_Form_ID reference="id"/>
            <IsReadOnly>N</IsReadOnly>
            <EntityType>U</EntityType>
            <IsCentrallyMaintained>Y</IsCentrallyMaintained>
            <AD_Menu_UU>eabe1c33-6d7f-4ad4-a890-20fc070edd75</AD_Menu_UU>
            <AD_InfoWindow_ID reference="id"/>
            <PredefinedContextVariables/>
            <AD_Menu_Trl type="translation">
                <Description/>
                <Name>Table Example</Name>
                <AD_Language>es_CO</AD_Language>
                <IsActive>Y</IsActive>
                <IsTranslated>N</IsTranslated>
            </AD_Menu_Trl>
            <AD_Window type="table">
                <AD_Client_ID>0</AD_Client_ID>
                <AD_Org_ID>0</AD_Org_ID>
                <Name>Table Example</Name>
                <Description/>
                <Help/>
                <IsActive>Y</IsActive>
                <WindowType>M</WindowType>
                <Processing>N</Processing>
                <AD_Color_ID reference="id"/>
                <AD_Image_ID reference="id"/>
                <EntityType>U</EntityType>
                <IsSOTrx>N</IsSOTrx>
                <IsDefault>N</IsDefault>
                <WinHeight>0</WinHeight>
                <WinWidth>0</WinWidth>
                <IsBetaFunctionality>N</IsBetaFunctionality>
                <AD_Window_UU>6a4c8077-59ca-4137-8b08-cc303183851b</AD_Window_UU>
                <TitleLogic/>
                <PredefinedContextVariables/>
                <AD_Window_Trl type="translation">
                    <Description/>
                    <Help/>
                    <Name>Table Example</Name>
                    <AD_Language>es_CO</AD_Language>
                    <IsActive>Y</IsActive>
                    <IsTranslated>N</IsTranslated>
                </AD_Window_Trl>
                <AD_Table type="table">
                    <AD_Client_ID>0</AD_Client_ID>
                    <AD_Org_ID>0</AD_Org_ID>
                    <Name>Table Example</Name>
                    <Description>Table Example</Description>
                    <Help/>
                    <AD_Window_ID reference="id"/>
                    <AD_Val_Rule_ID reference="id"/>
                    <TableName>TL_TableExample</TableName>
                    <LoadSeq>0</LoadSeq>
                    <AccessLevel>3</AccessLevel>
                    <IsActive>Y</IsActive>
                    <IsSecurityEnabled>N</IsSecurityEnabled>
                    <IsDeleteable>Y</IsDeleteable>
                    <IsHighVolume>N</IsHighVolume>
                    <IsView>N</IsView>
                    <EntityType>U</EntityType>
                    <ImportTable>N</ImportTable>
                    <IsChangeLog>N</IsChangeLog>
                    <ReplicationType>L</ReplicationType>
                    <PO_Window_ID reference="id"/>
                    <CopyColumnsFromTable>N</CopyColumnsFromTable>
                    <IsCentrallyMaintained>Y</IsCentrallyMaintained>
                    <AD_Table_UU>99bb8a1d-d730-48aa-9494-2e74f64533b6</AD_Table_UU>
                    <Processing>N</Processing>
                    <DatabaseViewDrop>N</DatabaseViewDrop>
                    <CopyComponentsFromView/>
                    <CreateWindowFromTable/>
                    <IsShowInDrillOptions>Y</IsShowInDrillOptions>
                    <IsPartition>N</IsPartition>
                    <CreatePartition/>
                    <AD_Element type="table">
                        <AD_Client_ID>0</AD_Client_ID>
                        <AD_Org_ID>0</AD_Org_ID>
                        <IsActive>Y</IsActive>
                        <ColumnName>TL_TableExample_ID</ColumnName>
                        <Name>Table Example</Name>
                        <Description/>
                        <Help/>
                        <PrintName>Table Example</PrintName>
                        <PO_Description/>
                        <PO_Help/>
                        <PO_Name/>
                        <PO_PrintName/>
                        <EntityType>U</EntityType>
                        <AD_Element_UU>c60e3ab3-b796-40b8-8c3b-eff9dcc2638d</AD_Element_UU>
                        <Placeholder/>
                        <AD_Element_Trl type="translation">
                            <Description/>
                            <Help/>
                            <Name>Table Example</Name>
                            <Placeholder/>
                            <PO_Description/>
                            <PO_Help/>
                            <PO_Name/>
                            <PO_PrintName/>
                            <PrintName>Table Example</PrintName>
                            <AD_Language>es_CO</AD_Language>
                            <IsActive>Y</IsActive>
                            <IsTranslated>N</IsTranslated>
                        </AD_Element_Trl>
                    </AD_Element>
                    <AD_Column type="table">
                        <IsSyncDatabase>Y</IsSyncDatabase>
                        <AD_Table_ID reference="uuid" reference-key="AD_Table">99bb8a1d-d730-48aa-9494-2e74f64533b6</AD_Table_ID>
                        <AD_Reference_Value_ID reference="id"/>
                        <AD_Client_ID>0</AD_Client_ID>
                        <AD_Org_ID>0</AD_Org_ID>
                        <Version>0</Version>
                        <Name>Table Example</Name>
                        <Description/>
                        <Help/>
                        <AD_Val_Rule_ID reference="id"/>
                        <ColumnName>TL_TableExample_ID</ColumnName>
                        <DefaultValue/>
                        <FieldLength>22</FieldLength>
                        <IsKey>Y</IsKey>
                        <IsParent>N</IsParent>
                        <IsMandatory>Y</IsMandatory>
                        <IsTranslated>N</IsTranslated>
                        <IsIdentifier>N</IsIdentifier>
                        <SeqNo>0</SeqNo>
                        <IsEncrypted>N</IsEncrypted>
                        <AD_Reference_ID reference="id">13</AD_Reference_ID>
                        <IsActive>Y</IsActive>
                        <VFormat/>
                        <Callout/>
                        <AD_Element_ID reference="uuid" reference-key="AD_Element">c60e3ab3-b796-40b8-8c3b-eff9dcc2638d</AD_Element_ID>
                        <IsUpdateable>N</IsUpdateable>
                        <AD_Process_ID reference="id"/>
                        <ValueMin/>
                        <ValueMax/>
                        <IsSelectionColumn>N</IsSelectionColumn>
                        <ReadOnlyLogic/>
                        <EntityType>U</EntityType>
                        <IsAlwaysUpdateable>N</IsAlwaysUpdateable>
                        <ColumnSQL/>
                        <MandatoryLogic/>
                        <IsAutocomplete>N</IsAutocomplete>
                        <IsAllowLogging>Y</IsAllowLogging>
                        <FormatPattern/>
                        <AD_Chart_ID reference="id"/>
                        <AD_Column_UU>88f08721-c0c0-4573-bf00-7331b560371d</AD_Column_UU>
                        <IsAllowCopy>N</IsAllowCopy>
                        <SeqNoSelection>0</SeqNoSelection>
                        <IsToolbarButton>N</IsToolbarButton>
                        <IsSecure>N</IsSecure>
                        <FKConstraintName/>
                        <FKConstraintType>N</FKConstraintType>
                        <PA_DashboardContent_ID reference="id"/>
                        <Placeholder/>
                        <IsHtml>N</IsHtml>
                        <AD_Val_Rule_Lookup_ID reference="id"/>
                        <AlwaysUpdatableLogic/>
                        <AD_InfoWindow_ID reference="id"/>
                        <FKConstraintMsg_ID reference="id"/>
                        <PartitioningMethod/>
                        <IsPartitionKey>N</IsPartitionKey>
                        <SeqNoPartition/>
                        <RangePartitionInterval/>
                    </AD_Column>
                    <AD_Column type="table">
                        <IsSyncDatabase>Y</IsSyncDatabase>
                        <AD_Table_ID reference="uuid" reference-key="AD_Table">99bb8a1d-d730-48aa-9494-2e74f64533b6</AD_Table_ID>
                        <AD_Reference_Value_ID reference="id"/>
                        <AD_Client_ID>0</AD_Client_ID>
                        <AD_Org_ID>0</AD_Org_ID>
                        <Version>0</Version>
                        <Name>Tenant</Name>
                        <Description>Tenant for this installation.</Description>
                        <Help>A Tenant is a company or a legal entity. You cannot share data between Tenants.</Help>
                        <AD_Val_Rule_ID reference="id">129</AD_Val_Rule_ID>
                        <ColumnName>AD_Client_ID</ColumnName>
                        <DefaultValue>@#AD_Client_ID@</DefaultValue>
                        <FieldLength>22</FieldLength>
                        <IsKey>N</IsKey>
                        <IsParent>N</IsParent>
                        <IsMandatory>Y</IsMandatory>
                        <IsTranslated>N</IsTranslated>
                        <IsIdentifier>N</IsIdentifier>
                        <SeqNo>0</SeqNo>
                        <IsEncrypted>N</IsEncrypted>
                        <AD_Reference_ID reference="id">19</AD_Reference_ID>
                        <IsActive>Y</IsActive>
                        <VFormat/>
                        <Callout/>
                        <AD_Element_ID reference="id">102</AD_Element_ID>
                        <IsUpdateable>N</IsUpdateable>
                        <AD_Process_ID reference="id"/>
                        <ValueMin/>
                        <ValueMax/>
                        <IsSelectionColumn>N</IsSelectionColumn>
                        <ReadOnlyLogic/>
                        <EntityType>U</EntityType>
                        <IsAlwaysUpdateable>N</IsAlwaysUpdateable>
                        <ColumnSQL/>
                        <MandatoryLogic/>
                        <IsAutocomplete>N</IsAutocomplete>
                        <IsAllowLogging>Y</IsAllowLogging>
                        <FormatPattern/>
                        <AD_Chart_ID reference="id"/>
                        <AD_Column_UU>5eacc263-23a0-482c-acc8-d70b61d1fcf4</AD_Column_UU>
                        <IsAllowCopy>N</IsAllowCopy>
                        <SeqNoSelection>0</SeqNoSelection>
                        <IsToolbarButton>N</IsToolbarButton>
                        <IsSecure>N</IsSecure>
                        <FKConstraintName/>
                        <FKConstraintType>D</FKConstraintType>
                        <PA_DashboardContent_ID reference="id"/>
                        <Placeholder/>
                        <IsHtml>N</IsHtml>
                        <AD_Val_Rule_Lookup_ID reference="id"/>
                        <AlwaysUpdatableLogic/>
                        <AD_InfoWindow_ID reference="id"/>
                        <FKConstraintMsg_ID reference="id"/>
                        <PartitioningMethod/>
                        <IsPartitionKey>N</IsPartitionKey>
                        <SeqNoPartition/>
                        <RangePartitionInterval/>
                    </AD_Column>
                    <AD_Column type="table">
                        <IsSyncDatabase>Y</IsSyncDatabase>
                        <AD_Table_ID reference="uuid" reference-key="AD_Table">99bb8a1d-d730-48aa-9494-2e74f64533b6</AD_Table_ID>
                        <AD_Reference_Value_ID reference="id"/>
                        <AD_Client_ID>0</AD_Client_ID>
                        <AD_Org_ID>0</AD_Org_ID>
                        <Version>0</Version>
                        <Name>Organization</Name>
                        <Description>Organizational entity within tenant</Description>
                        <Help>An organization is a unit of your tenant or legal entity - examples are store, department. You can share data between organizations.</Help>
                        <AD_Val_Rule_ID reference="id">104</AD_Val_Rule_ID>
                        <ColumnName>AD_Org_ID</ColumnName>
                        <DefaultValue>@#AD_Org_ID@</DefaultValue>
                        <FieldLength>22</FieldLength>
                        <IsKey>N</IsKey>
                        <IsParent>N</IsParent>
                        <IsMandatory>Y</IsMandatory>
                        <IsTranslated>N</IsTranslated>
                        <IsIdentifier>N</IsIdentifier>
                        <SeqNo>0</SeqNo>
                        <IsEncrypted>N</IsEncrypted>
                        <AD_Reference_ID reference="id">19</AD_Reference_ID>
                        <IsActive>Y</IsActive>
                        <VFormat/>
                        <Callout/>
                        <AD_Element_ID reference="id">113</AD_Element_ID>
                        <IsUpdateable>N</IsUpdateable>
                        <AD_Process_ID reference="id"/>
                        <ValueMin/>
                        <ValueMax/>
                        <IsSelectionColumn>N</IsSelectionColumn>
                        <ReadOnlyLogic/>
                        <EntityType>U</EntityType>
                        <IsAlwaysUpdateable>N</IsAlwaysUpdateable>
                        <ColumnSQL/>
                        <MandatoryLogic/>
                        <IsAutocomplete>N</IsAutocomplete>
                        <IsAllowLogging>Y</IsAllowLogging>
                        <FormatPattern/>
                        <AD_Chart_ID reference="id"/>
                        <AD_Column_UU>083d3a5e-026e-4529-be9b-301c3f07ba9f</AD_Column_UU>
                        <IsAllowCopy>N</IsAllowCopy>
                        <SeqNoSelection>0</SeqNoSelection>
                        <IsToolbarButton>N</IsToolbarButton>
                        <IsSecure>N</IsSecure>
                        <FKConstraintName/>
                        <FKConstraintType>D</FKConstraintType>
                        <PA_DashboardContent_ID reference="id"/>
                        <Placeholder/>
                        <IsHtml>N</IsHtml>
                        <AD_Val_Rule_Lookup_ID reference="id"/>
                        <AlwaysUpdatableLogic/>
                        <AD_InfoWindow_ID reference="id"/>
                        <FKConstraintMsg_ID reference="id"/>
                        <PartitioningMethod/>
                        <IsPartitionKey>N</IsPartitionKey>
                        <SeqNoPartition/>
                        <RangePartitionInterval/>
                    </AD_Column>
                    <AD_Column type="table">
                        <IsSyncDatabase>Y</IsSyncDatabase>
                        <AD_Table_ID reference="uuid" reference-key="AD_Table">99bb8a1d-d730-48aa-9494-2e74f64533b6</AD_Table_ID>
                        <AD_Reference_Value_ID reference="id"/>
                        <AD_Client_ID>0</AD_Client_ID>
                        <AD_Org_ID>0</AD_Org_ID>
                        <Version>0</Version>
                        <Name>Created</Name>
                        <Description>Date this record was created</Description>
                        <Help>The Created field indicates the date that this record was created.</Help>
                        <AD_Val_Rule_ID reference="id"/>
                        <ColumnName>Created</ColumnName>
                        <DefaultValue>SYSDATE</DefaultValue>
                        <FieldLength>7</FieldLength>
                        <IsKey>N</IsKey>
                        <IsParent>N</IsParent>
                        <IsMandatory>Y</IsMandatory>
                        <IsTranslated>N</IsTranslated>
                        <IsIdentifier>N</IsIdentifier>
                        <SeqNo>0</SeqNo>
                        <IsEncrypted>N</IsEncrypted>
                        <AD_Reference_ID reference="id">16</AD_Reference_ID>
                        <IsActive>Y</IsActive>
                        <VFormat/>
                        <Callout/>
                        <AD_Element_ID reference="id">245</AD_Element_ID>
                        <IsUpdateable>N</IsUpdateable>
                        <AD_Process_ID reference="id"/>
                        <ValueMin/>
                        <ValueMax/>
                        <IsSelectionColumn>N</IsSelectionColumn>
                        <ReadOnlyLogic/>
                        <EntityType>U</EntityType>
                        <IsAlwaysUpdateable>N</IsAlwaysUpdateable>
                        <ColumnSQL/>
                        <MandatoryLogic/>
                        <IsAutocomplete>N</IsAutocomplete>
                        <IsAllowLogging>Y</IsAllowLogging>
                        <FormatPattern/>
                        <AD_Chart_ID reference="id"/>
                        <AD_Column_UU>766df67c-37f6-4677-ab7e-1824be4b08e2</AD_Column_UU>
                        <IsAllowCopy>N</IsAllowCopy>
                        <SeqNoSelection>0</SeqNoSelection>
                        <IsToolbarButton>N</IsToolbarButton>
                        <IsSecure>N</IsSecure>
                        <FKConstraintName/>
                        <FKConstraintType>N</FKConstraintType>
                        <PA_DashboardContent_ID reference="id"/>
                        <Placeholder/>
                        <IsHtml>N</IsHtml>
                        <AD_Val_Rule_Lookup_ID reference="id"/>
                        <AlwaysUpdatableLogic/>
                        <AD_InfoWindow_ID reference="id"/>
                        <FKConstraintMsg_ID reference="id"/>
                        <PartitioningMethod/>
                        <IsPartitionKey>N</IsPartitionKey>
                        <SeqNoPartition/>
                        <RangePartitionInterval/>
                    </AD_Column>
                    <AD_Column type="table">
                        <IsSyncDatabase>Y</IsSyncDatabase>
                        <AD_Table_ID reference="uuid" reference-key="AD_Table">99bb8a1d-d730-48aa-9494-2e74f64533b6</AD_Table_ID>
                        <AD_Reference_Value_ID reference="id">110</AD_Reference_Value_ID>
                        <AD_Client_ID>0</AD_Client_ID>
                        <AD_Org_ID>0</AD_Org_ID>
                        <Version>0</Version>
                        <Name>Created By</Name>
                        <Description>User who created this records</Description>
                        <Help>The Created By field indicates the user who created this record.</Help>
                        <AD_Val_Rule_ID reference="id"/>
                        <ColumnName>CreatedBy</ColumnName>
                        <DefaultValue/>
                        <FieldLength>22</FieldLength>
                        <IsKey>N</IsKey>
                        <IsParent>N</IsParent>
                        <IsMandatory>Y</IsMandatory>
                        <IsTranslated>N</IsTranslated>
                        <IsIdentifier>N</IsIdentifier>
                        <SeqNo>0</SeqNo>
                        <IsEncrypted>N</IsEncrypted>
                        <AD_Reference_ID reference="id">18</AD_Reference_ID>
                        <IsActive>Y</IsActive>
                        <VFormat/>
                        <Callout/>
                        <AD_Element_ID reference="id">246</AD_Element_ID>
                        <IsUpdateable>N</IsUpdateable>
                        <AD_Process_ID reference="id"/>
                        <ValueMin/>
                        <ValueMax/>
                        <IsSelectionColumn>N</IsSelectionColumn>
                        <ReadOnlyLogic/>
                        <EntityType>U</EntityType>
                        <IsAlwaysUpdateable>N</IsAlwaysUpdateable>
                        <ColumnSQL/>
                        <MandatoryLogic/>
                        <IsAutocomplete>N</IsAutocomplete>
                        <IsAllowLogging>Y</IsAllowLogging>
                        <FormatPattern/>
                        <AD_Chart_ID reference="id"/>
                        <AD_Column_UU>f4431008-99ba-4bf6-8de2-d65d618fe29b</AD_Column_UU>
                        <IsAllowCopy>N</IsAllowCopy>
                        <SeqNoSelection>0</SeqNoSelection>
                        <IsToolbarButton>N</IsToolbarButton>
                        <IsSecure>N</IsSecure>
                        <FKConstraintName/>
                        <FKConstraintType>D</FKConstraintType>
                        <PA_DashboardContent_ID reference="id"/>
                        <Placeholder/>
                        <IsHtml>N</IsHtml>
                        <AD_Val_Rule_Lookup_ID reference="id"/>
                        <AlwaysUpdatableLogic/>
                        <AD_InfoWindow_ID reference="id"/>
                        <FKConstraintMsg_ID reference="id"/>
                        <PartitioningMethod/>
                        <IsPartitionKey>N</IsPartitionKey>
                        <SeqNoPartition/>
                        <RangePartitionInterval/>
                    </AD_Column>
                    <AD_Element type="table">
                        <AD_Client_ID>0</AD_Client_ID>
                        <AD_Org_ID>0</AD_Org_ID>
                        <IsActive>Y</IsActive>
                        <ColumnName>TL_TableExample_UU</ColumnName>
                        <Name>TL_TableExample_UU</Name>
                        <Description/>
                        <Help/>
                        <PrintName>TL_TableExample_UU</PrintName>
                        <PO_Description/>
                        <PO_Help/>
                        <PO_Name/>
                        <PO_PrintName/>
                        <EntityType>U</EntityType>
                        <AD_Element_UU>22421b13-94fe-44a1-9b89-2b77474bf086</AD_Element_UU>
                        <Placeholder/>
                        <AD_Element_Trl type="translation">
                            <Description/>
                            <Help/>
                            <Name>TL_TableExample_UU</Name>
                            <Placeholder/>
                            <PO_Description/>
                            <PO_Help/>
                            <PO_Name/>
                            <PO_PrintName/>
                            <PrintName>TL_TableExample_UU</PrintName>
                            <AD_Language>es_CO</AD_Language>
                            <IsActive>Y</IsActive>
                            <IsTranslated>N</IsTranslated>
                        </AD_Element_Trl>
                    </AD_Element>
                    <AD_Column type="table">
                        <IsSyncDatabase>Y</IsSyncDatabase>
                        <AD_Table_ID reference="uuid" reference-key="AD_Table">99bb8a1d-d730-48aa-9494-2e74f64533b6</AD_Table_ID>
                        <AD_Reference_Value_ID reference="id"/>
                        <AD_Client_ID>0</AD_Client_ID>
                        <AD_Org_ID>0</AD_Org_ID>
                        <Version>0</Version>
                        <Name>TL_TableExample_UU</Name>
                        <Description/>
                        <Help/>
                        <AD_Val_Rule_ID reference="id"/>
                        <ColumnName>TL_TableExample_UU</ColumnName>
                        <DefaultValue/>
                        <FieldLength>36</FieldLength>
                        <IsKey>N</IsKey>
                        <IsParent>N</IsParent>
                        <IsMandatory>Y</IsMandatory>
                        <IsTranslated>N</IsTranslated>
                        <IsIdentifier>N</IsIdentifier>
                        <SeqNo>0</SeqNo>
                        <IsEncrypted>N</IsEncrypted>
                        <AD_Reference_ID reference="id">10</AD_Reference_ID>
                        <IsActive>Y</IsActive>
                        <VFormat/>
                        <Callout/>
                        <AD_Element_ID reference="uuid" reference-key="AD_Element">22421b13-94fe-44a1-9b89-2b77474bf086</AD_Element_ID>
                        <IsUpdateable>N</IsUpdateable>
                        <AD_Process_ID reference="id"/>
                        <ValueMin/>
                        <ValueMax/>
                        <IsSelectionColumn>N</IsSelectionColumn>
                        <ReadOnlyLogic/>
                        <EntityType>U</EntityType>
                        <IsAlwaysUpdateable>N</IsAlwaysUpdateable>
                        <ColumnSQL/>
                        <MandatoryLogic/>
                        <IsAutocomplete>N</IsAutocomplete>
                        <IsAllowLogging>Y</IsAllowLogging>
                        <FormatPattern/>
                        <AD_Chart_ID reference="id"/>
                        <AD_Column_UU>5afbed02-5261-400b-9124-ea9fbaf4c4ed</AD_Column_UU>
                        <IsAllowCopy>N</IsAllowCopy>
                        <SeqNoSelection>0</SeqNoSelection>
                        <IsToolbarButton>N</IsToolbarButton>
                        <IsSecure>N</IsSecure>
                        <FKConstraintName/>
                        <FKConstraintType>N</FKConstraintType>
                        <PA_DashboardContent_ID reference="id"/>
                        <Placeholder/>
                        <IsHtml>N</IsHtml>
                        <AD_Val_Rule_Lookup_ID reference="id"/>
                        <AlwaysUpdatableLogic/>
                        <AD_InfoWindow_ID reference="id"/>
                        <FKConstraintMsg_ID reference="id"/>
                        <PartitioningMethod/>
                        <IsPartitionKey>N</IsPartitionKey>
                        <SeqNoPartition/>
                        <RangePartitionInterval/>
                    </AD_Column>
                    <AD_Column type="table">
                        <IsSyncDatabase>Y</IsSyncDatabase>
                        <AD_Table_ID reference="uuid" reference-key="AD_Table">99bb8a1d-d730-48aa-9494-2e74f64533b6</AD_Table_ID>
                        <AD_Reference_Value_ID reference="id"/>
                        <AD_Client_ID>0</AD_Client_ID>
                        <AD_Org_ID>0</AD_Org_ID>
                        <Version>0</Version>
                        <Name>Active</Name>
                        <Description>The record is active in the system</Description>
                        <Help>There are two methods of making records unavailable in the system: One is to delete the record, the other is to de-activate the record. A de-activated record is not available for selection, but available for reports.
There are two reasons for de-activating and not deleting records:
(1) The system requires the record for audit purposes.
(2) The record is referenced by other records. E.g., you cannot delete a Business Partner, if there are invoices for this partner record existing. You de-activate the Business Partner and prevent that this record is used for future entries.</Help>
                        <AD_Val_Rule_ID reference="id"/>
                        <ColumnName>IsActive</ColumnName>
                        <DefaultValue>Y</DefaultValue>
                        <FieldLength>1</FieldLength>
                        <IsKey>N</IsKey>
                        <IsParent>N</IsParent>
                        <IsMandatory>Y</IsMandatory>
                        <IsTranslated>N</IsTranslated>
                        <IsIdentifier>N</IsIdentifier>
                        <SeqNo>0</SeqNo>
                        <IsEncrypted>N</IsEncrypted>
                        <AD_Reference_ID reference="id">20</AD_Reference_ID>
                        <IsActive>Y</IsActive>
                        <VFormat/>
                        <Callout/>
                        <AD_Element_ID reference="id">348</AD_Element_ID>
                        <IsUpdateable>Y</IsUpdateable>
                        <AD_Process_ID reference="id"/>
                        <ValueMin/>
                        <ValueMax/>
                        <IsSelectionColumn>N</IsSelectionColumn>
                        <ReadOnlyLogic/>
                        <EntityType>U</EntityType>
                        <IsAlwaysUpdateable>N</IsAlwaysUpdateable>
                        <ColumnSQL/>
                        <MandatoryLogic/>
                        <IsAutocomplete>N</IsAutocomplete>
                        <IsAllowLogging>Y</IsAllowLogging>
                        <FormatPattern/>
                        <AD_Chart_ID reference="id"/>
                        <AD_Column_UU>9f302754-6b1c-4b14-826a-330f6d9fbea5</AD_Column_UU>
                        <IsAllowCopy>N</IsAllowCopy>
                        <SeqNoSelection>0</SeqNoSelection>
                        <IsToolbarButton>N</IsToolbarButton>
                        <IsSecure>N</IsSecure>
                        <FKConstraintName/>
                        <FKConstraintType>N</FKConstraintType>
                        <PA_DashboardContent_ID reference="id"/>
                        <Placeholder/>
                        <IsHtml>N</IsHtml>
                        <AD_Val_Rule_Lookup_ID reference="id"/>
                        <AlwaysUpdatableLogic/>
                        <AD_InfoWindow_ID reference="id"/>
                        <FKConstraintMsg_ID reference="id"/>
                        <PartitioningMethod/>
                        <IsPartitionKey>N</IsPartitionKey>
                        <SeqNoPartition/>
                        <RangePartitionInterval/>
                    </AD_Column>
                    <AD_Column type="table">
                        <IsSyncDatabase>Y</IsSyncDatabase>
                        <AD_Table_ID reference="uuid" reference-key="AD_Table">99bb8a1d-d730-48aa-9494-2e74f64533b6</AD_Table_ID>
                        <AD_Reference_Value_ID reference="id"/>
                        <AD_Client_ID>0</AD_Client_ID>
                        <AD_Org_ID>0</AD_Org_ID>
                        <Version>0</Version>
                        <Name>Updated</Name>
                        <Description>Date this record was updated</Description>
                        <Help>The Updated field indicates the date that this record was updated.</Help>
                        <AD_Val_Rule_ID reference="id"/>
                        <ColumnName>Updated</ColumnName>
                        <DefaultValue>SYSDATE</DefaultValue>
                        <FieldLength>7</FieldLength>
                        <IsKey>N</IsKey>
                        <IsParent>N</IsParent>
                        <IsMandatory>Y</IsMandatory>
                        <IsTranslated>N</IsTranslated>
                        <IsIdentifier>N</IsIdentifier>
                        <SeqNo>0</SeqNo>
                        <IsEncrypted>N</IsEncrypted>
                        <AD_Reference_ID reference="id">16</AD_Reference_ID>
                        <IsActive>Y</IsActive>
                        <VFormat/>
                        <Callout/>
                        <AD_Element_ID reference="id">607</AD_Element_ID>
                        <IsUpdateable>N</IsUpdateable>
                        <AD_Process_ID reference="id"/>
                        <ValueMin/>
                        <ValueMax/>
                        <IsSelectionColumn>N</IsSelectionColumn>
                        <ReadOnlyLogic/>
                        <EntityType>U</EntityType>
                        <IsAlwaysUpdateable>N</IsAlwaysUpdateable>
                        <ColumnSQL/>
                        <MandatoryLogic/>
                        <IsAutocomplete>N</IsAutocomplete>
                        <IsAllowLogging>Y</IsAllowLogging>
                        <FormatPattern/>
                        <AD_Chart_ID reference="id"/>
                        <AD_Column_UU>a334298c-605e-423f-a0ad-f220ec2a3a42</AD_Column_UU>
                        <IsAllowCopy>N</IsAllowCopy>
                        <SeqNoSelection>0</SeqNoSelection>
                        <IsToolbarButton>N</IsToolbarButton>
                        <IsSecure>N</IsSecure>
                        <FKConstraintName/>
                        <FKConstraintType>N</FKConstraintType>
                        <PA_DashboardContent_ID reference="id"/>
                        <Placeholder/>
                        <IsHtml>N</IsHtml>
                        <AD_Val_Rule_Lookup_ID reference="id"/>
                        <AlwaysUpdatableLogic/>
                        <AD_InfoWindow_ID reference="id"/>
                        <FKConstraintMsg_ID reference="id"/>
                        <PartitioningMethod/>
                        <IsPartitionKey>N</IsPartitionKey>
                        <SeqNoPartition/>
                        <RangePartitionInterval/>
                    </AD_Column>
                    <AD_Column type="table">
                        <IsSyncDatabase>Y</IsSyncDatabase>
                        <AD_Table_ID reference="uuid" reference-key="AD_Table">99bb8a1d-d730-48aa-9494-2e74f64533b6</AD_Table_ID>
                        <AD_Reference_Value_ID reference="id">110</AD_Reference_Value_ID>
                        <AD_Client_ID>0</AD_Client_ID>
                        <AD_Org_ID>0</AD_Org_ID>
                        <Version>0</Version>
                        <Name>Updated By</Name>
                        <Description>User who updated this records</Description>
                        <Help>The Updated By field indicates the user who updated this record.</Help>
                        <AD_Val_Rule_ID reference="id"/>
                        <ColumnName>UpdatedBy</ColumnName>
                        <DefaultValue/>
                        <FieldLength>22</FieldLength>
                        <IsKey>N</IsKey>
                        <IsParent>N</IsParent>
                        <IsMandatory>Y</IsMandatory>
                        <IsTranslated>N</IsTranslated>
                        <IsIdentifier>N</IsIdentifier>
                        <SeqNo>0</SeqNo>
                        <IsEncrypted>N</IsEncrypted>
                        <AD_Reference_ID reference="id">18</AD_Reference_ID>
                        <IsActive>Y</IsActive>
                        <VFormat/>
                        <Callout/>
                        <AD_Element_ID reference="id">608</AD_Element_ID>
                        <IsUpdateable>N</IsUpdateable>
                        <AD_Process_ID reference="id"/>
                        <ValueMin/>
                        <ValueMax/>
                        <IsSelectionColumn>N</IsSelectionColumn>
                        <ReadOnlyLogic/>
                        <EntityType>U</EntityType>
                        <IsAlwaysUpdateable>N</IsAlwaysUpdateable>
                        <ColumnSQL/>
                        <MandatoryLogic/>
                        <IsAutocomplete>N</IsAutocomplete>
                        <IsAllowLogging>Y</IsAllowLogging>
                        <FormatPattern/>
                        <AD_Chart_ID reference="id"/>
                        <AD_Column_UU>7791b47f-20fb-4d59-95dc-18072c78356c</AD_Column_UU>
                        <IsAllowCopy>N</IsAllowCopy>
                        <SeqNoSelection>0</SeqNoSelection>
                        <IsToolbarButton>N</IsToolbarButton>
                        <IsSecure>N</IsSecure>
                        <FKConstraintName/>
                        <FKConstraintType>D</FKConstraintType>
                        <PA_DashboardContent_ID reference="id"/>
                        <Placeholder/>
                        <IsHtml>N</IsHtml>
                        <AD_Val_Rule_Lookup_ID reference="id"/>
                        <AlwaysUpdatableLogic/>
                        <AD_InfoWindow_ID reference="id"/>
                        <FKConstraintMsg_ID reference="id"/>
                        <PartitioningMethod/>
                        <IsPartitionKey>N</IsPartitionKey>
                        <SeqNoPartition/>
                        <RangePartitionInterval/>
                    </AD_Column>
                    <AD_Column type="table">
                        <IsSyncDatabase>Y</IsSyncDatabase>
                        <AD_Table_ID reference="uuid" reference-key="AD_Table">99bb8a1d-d730-48aa-9494-2e74f64533b6</AD_Table_ID>
                        <AD_Reference_Value_ID reference="id"/>
                        <AD_Client_ID>0</AD_Client_ID>
                        <AD_Org_ID>0</AD_Org_ID>
                        <Version>0</Version>
                        <Name>Description</Name>
                        <Description>Optional short description of the record</Description>
                        <Help>A description is limited to 255 characters.</Help>
                        <AD_Val_Rule_ID reference="id"/>
                        <ColumnName>Description</ColumnName>
                        <DefaultValue/>
                        <FieldLength>255</FieldLength>
                        <IsKey>N</IsKey>
                        <IsParent>N</IsParent>
                        <IsMandatory>N</IsMandatory>
                        <IsTranslated>N</IsTranslated>
                        <IsIdentifier>N</IsIdentifier>
                        <SeqNo>0</SeqNo>
                        <IsEncrypted>N</IsEncrypted>
                        <AD_Reference_ID reference="id">10</AD_Reference_ID>
                        <IsActive>Y</IsActive>
                        <VFormat/>
                        <Callout/>
                        <AD_Element_ID reference="id">275</AD_Element_ID>
                        <IsUpdateable>Y</IsUpdateable>
                        <AD_Process_ID reference="id"/>
                        <ValueMin/>
                        <ValueMax/>
                        <IsSelectionColumn>Y</IsSelectionColumn>
                        <ReadOnlyLogic/>
                        <EntityType>U</EntityType>
                        <IsAlwaysUpdateable>N</IsAlwaysUpdateable>
                        <ColumnSQL/>
                        <MandatoryLogic/>
                        <IsAutocomplete>N</IsAutocomplete>
                        <IsAllowLogging>Y</IsAllowLogging>
                        <FormatPattern/>
                        <AD_Chart_ID reference="id"/>
                        <AD_Column_UU>e46ca753-92a9-466f-a5fd-50748f10917d</AD_Column_UU>
                        <IsAllowCopy>Y</IsAllowCopy>
                        <SeqNoSelection>10</SeqNoSelection>
                        <IsToolbarButton>N</IsToolbarButton>
                        <IsSecure>N</IsSecure>
                        <FKConstraintName/>
                        <FKConstraintType>N</FKConstraintType>
                        <PA_DashboardContent_ID reference="id"/>
                        <Placeholder/>
                        <IsHtml>N</IsHtml>
                        <AD_Val_Rule_Lookup_ID reference="id"/>
                        <AlwaysUpdatableLogic/>
                        <AD_InfoWindow_ID reference="id"/>
                        <FKConstraintMsg_ID reference="id"/>
                        <PartitioningMethod/>
                        <IsPartitionKey>N</IsPartitionKey>
                        <SeqNoPartition/>
                        <RangePartitionInterval/>
                    </AD_Column>
                </AD_Table>
                <AD_Tab type="table">
                    <AD_Client_ID>0</AD_Client_ID>
                    <AD_Org_ID>0</AD_Org_ID>
                    <Name>Table Example</Name>
                    <Description/>
                    <Help/>
                    <AD_Window_ID reference="uuid" reference-key="AD_Window">6a4c8077-59ca-4137-8b08-cc303183851b</AD_Window_ID>
                    <SeqNo>10</SeqNo>
                    <IsSingleRow>Y</IsSingleRow>
                    <AD_Table_ID reference="uuid" reference-key="AD_Table">99bb8a1d-d730-48aa-9494-2e74f64533b6</AD_Table_ID>
                    <IsActive>Y</IsActive>
                    <HasTree>N</HasTree>
                    <IsInfoTab>N</IsInfoTab>
                    <IsTranslationTab>N</IsTranslationTab>
                    <IsReadOnly>N</IsReadOnly>
                    <AD_Column_ID reference="id"/>
                    <WhereClause/>
                    <OrderByClause/>
                    <CommitWarning/>
                    <AD_Process_ID reference="id"/>
                    <Processing>N</Processing>
                    <AD_Image_ID reference="id"/>
                    <ImportFields>N</ImportFields>
                    <TabLevel>0</TabLevel>
                    <IsSortTab>N</IsSortTab>
                    <AD_ColumnSortYesNo_ID reference="id"/>
                    <AD_ColumnSortOrder_ID reference="id"/>
                    <EntityType>U</EntityType>
                    <Included_Tab_ID reference="id"/>
                    <ReadOnlyLogic/>
                    <DisplayLogic/>
                    <IsInsertRecord>Y</IsInsertRecord>
                    <IsAdvancedTab>N</IsAdvancedTab>
                    <Parent_Column_ID reference="id"/>
                    <AD_Tab_UU>291553f4-ee3e-4b59-aef2-a7a281bb9fbc</AD_Tab_UU>
                    <AD_CtxHelp_ID reference="id"/>
                    <TreeDisplayedOn>B</TreeDisplayedOn>
                    <AD_TabType/>
                    <IsLookupOnlySelection>N</IsLookupOnlySelection>
                    <IsAllowAdvancedLookup>Y</IsAllowAdvancedLookup>
                    <MaxQueryRecords>0</MaxQueryRecords>
                    <IsHighVolume/>
                    <DeleteConfirmationLogic/>
                    <AD_Tab_Trl type="translation">
                        <CommitWarning/>
                        <Description/>
                        <Help/>
                        <Name>Table Example</Name>
                        <AD_Language>es_CO</AD_Language>
                        <IsActive>Y</IsActive>
                        <IsTranslated>N</IsTranslated>
                    </AD_Tab_Trl>
                    <AD_Field type="table">
                        <AD_Client_ID>0</AD_Client_ID>
                        <AD_Org_ID>0</AD_Org_ID>
                        <Name>Tenant</Name>
                        <Description>Tenant for this installation.</Description>
                        <Help>A Tenant is a company or a legal entity. You cannot share data between Tenants.</Help>
                        <AD_Tab_ID reference="uuid" reference-key="AD_Tab">291553f4-ee3e-4b59-aef2-a7a281bb9fbc</AD_Tab_ID>
                        <AD_Column_ID reference="uuid" reference-key="AD_Column">5eacc263-23a0-482c-acc8-d70b61d1fcf4</AD_Column_ID>
                        <IsDisplayed>Y</IsDisplayed>
                        <DisplayLogic/>
                        <DisplayLength>22</DisplayLength>
                        <SeqNo>10</SeqNo>
                        <SortNo/>
                        <IsSameLine>N</IsSameLine>
                        <IsHeading>N</IsHeading>
                        <IsFieldOnly>N</IsFieldOnly>
                        <IsEncrypted>N</IsEncrypted>
                        <IsActive>Y</IsActive>
                        <IsReadOnly>N</IsReadOnly>
                        <IsCentrallyMaintained>Y</IsCentrallyMaintained>
                        <AD_FieldGroup_ID reference="id"/>
                        <EntityType>U</EntityType>
                        <ObscureType/>
                        <AD_Reference_ID reference="id"/>
                        <IsMandatory/>
                        <DefaultValue/>
                        <AD_Reference_Value_ID reference="id"/>
                        <AD_Val_Rule_ID reference="id"/>
                        <Included_Tab_ID reference="id"/>
                        <AD_Field_UU>65e6aeb4-c998-465c-93b6-410924099017</AD_Field_UU>
                        <IsAllowCopy/>
                        <IsDisplayedGrid>N</IsDisplayedGrid>
                        <SeqNoGrid/>
                        <XPosition>1</XPosition>
                        <ColumnSpan>2</ColumnSpan>
                        <NumLines>1</NumLines>
                        <IsQuickEntry>N</IsQuickEntry>
                        <IsUpdateable/>
                        <IsAlwaysUpdateable/>
                        <MandatoryLogic/>
                        <ReadOnlyLogic/>
                        <IsToolbarButton/>
                        <IsDefaultFocus>N</IsDefaultFocus>
                        <IsAdvancedField>N</IsAdvancedField>
                        <VFormat/>
                        <AD_LabelStyle_ID reference="id"/>
                        <AD_FieldStyle_ID reference="id"/>
                        <IsQuickForm>N</IsQuickForm>
                        <Placeholder/>
                        <IsSelectionColumn/>
                        <AD_Val_Rule_Lookup_ID reference="id"/>
                        <ColumnSQL/>
                        <AD_Chart_ID reference="id"/>
                        <AlwaysUpdatableLogic/>
                        <AD_Field_Trl type="translation">
                            <Description>Client/Tenant for this installation.</Description>
                            <Help>A Client is a company or a legal entity. You cannot share data between Clients. Tenant is a synonym for Client.</Help>
                            <Name>Client</Name>
                            <Placeholder/>
                            <AD_Language>es_CO</AD_Language>
                            <IsActive>Y</IsActive>
                            <IsTranslated>N</IsTranslated>
                        </AD_Field_Trl>
                    </AD_Field>
                    <AD_Field type="table">
                        <AD_Client_ID>0</AD_Client_ID>
                        <AD_Org_ID>0</AD_Org_ID>
                        <Name>Organization</Name>
                        <Description>Organizational entity within tenant</Description>
                        <Help>An organization is a unit of your tenant or legal entity - examples are store, department. You can share data between organizations.</Help>
                        <AD_Tab_ID reference="uuid" reference-key="AD_Tab">291553f4-ee3e-4b59-aef2-a7a281bb9fbc</AD_Tab_ID>
                        <AD_Column_ID reference="uuid" reference-key="AD_Column">083d3a5e-026e-4529-be9b-301c3f07ba9f</AD_Column_ID>
                        <IsDisplayed>Y</IsDisplayed>
                        <DisplayLogic/>
                        <DisplayLength>22</DisplayLength>
                        <SeqNo>20</SeqNo>
                        <SortNo/>
                        <IsSameLine>N</IsSameLine>
                        <IsHeading>N</IsHeading>
                        <IsFieldOnly>N</IsFieldOnly>
                        <IsEncrypted>N</IsEncrypted>
                        <IsActive>Y</IsActive>
                        <IsReadOnly>N</IsReadOnly>
                        <IsCentrallyMaintained>Y</IsCentrallyMaintained>
                        <AD_FieldGroup_ID reference="id"/>
                        <EntityType>U</EntityType>
                        <ObscureType/>
                        <AD_Reference_ID reference="id"/>
                        <IsMandatory/>
                        <DefaultValue/>
                        <AD_Reference_Value_ID reference="id"/>
                        <AD_Val_Rule_ID reference="id"/>
                        <Included_Tab_ID reference="id"/>
                        <AD_Field_UU>78d23114-036a-4560-8afe-30b4595588e5</AD_Field_UU>
                        <IsAllowCopy>Y</IsAllowCopy>
                        <IsDisplayedGrid>Y</IsDisplayedGrid>
                        <SeqNoGrid>10</SeqNoGrid>
                        <XPosition>4</XPosition>
                        <ColumnSpan>2</ColumnSpan>
                        <NumLines>1</NumLines>
                        <IsQuickEntry>N</IsQuickEntry>
                        <IsUpdateable/>
                        <IsAlwaysUpdateable/>
                        <MandatoryLogic/>
                        <ReadOnlyLogic/>
                        <IsToolbarButton/>
                        <IsDefaultFocus>N</IsDefaultFocus>
                        <IsAdvancedField>N</IsAdvancedField>
                        <VFormat/>
                        <AD_LabelStyle_ID reference="id"/>
                        <AD_FieldStyle_ID reference="id"/>
                        <IsQuickForm>N</IsQuickForm>
                        <Placeholder/>
                        <IsSelectionColumn/>
                        <AD_Val_Rule_Lookup_ID reference="id"/>
                        <ColumnSQL/>
                        <AD_Chart_ID reference="id"/>
                        <AlwaysUpdatableLogic/>
                        <AD_Field_Trl type="translation">
                            <Description>Organizational entity within client</Description>
                            <Help>An organization is a unit of your client or legal entity - examples are store, department. You can share data between organizations.</Help>
                            <Name>Organization</Name>
                            <Placeholder/>
                            <AD_Language>es_CO</AD_Language>
                            <IsActive>Y</IsActive>
                            <IsTranslated>N</IsTranslated>
                        </AD_Field_Trl>
                    </AD_Field>
                    <AD_Field type="table">
                        <AD_Client_ID>0</AD_Client_ID>
                        <AD_Org_ID>0</AD_Org_ID>
                        <Name>Description</Name>
                        <Description>Optional short description of the record</Description>
                        <Help>A description is limited to 255 characters.</Help>
                        <AD_Tab_ID reference="uuid" reference-key="AD_Tab">291553f4-ee3e-4b59-aef2-a7a281bb9fbc</AD_Tab_ID>
                        <AD_Column_ID reference="uuid" reference-key="AD_Column">e46ca753-92a9-466f-a5fd-50748f10917d</AD_Column_ID>
                        <IsDisplayed>Y</IsDisplayed>
                        <DisplayLogic/>
                        <DisplayLength>255</DisplayLength>
                        <SeqNo>30</SeqNo>
                        <SortNo/>
                        <IsSameLine>N</IsSameLine>
                        <IsHeading>N</IsHeading>
                        <IsFieldOnly>N</IsFieldOnly>
                        <IsEncrypted>N</IsEncrypted>
                        <IsActive>Y</IsActive>
                        <IsReadOnly>N</IsReadOnly>
                        <IsCentrallyMaintained>Y</IsCentrallyMaintained>
                        <AD_FieldGroup_ID reference="id"/>
                        <EntityType>U</EntityType>
                        <ObscureType/>
                        <AD_Reference_ID reference="id"/>
                        <IsMandatory/>
                        <DefaultValue/>
                        <AD_Reference_Value_ID reference="id"/>
                        <AD_Val_Rule_ID reference="id"/>
                        <Included_Tab_ID reference="id"/>
                        <AD_Field_UU>cdcd1b91-b1a1-4944-a451-1b23116515b5</AD_Field_UU>
                        <IsAllowCopy/>
                        <IsDisplayedGrid>Y</IsDisplayedGrid>
                        <SeqNoGrid>20</SeqNoGrid>
                        <XPosition>1</XPosition>
                        <ColumnSpan>5</ColumnSpan>
                        <NumLines>1</NumLines>
                        <IsQuickEntry>N</IsQuickEntry>
                        <IsUpdateable/>
                        <IsAlwaysUpdateable/>
                        <MandatoryLogic/>
                        <ReadOnlyLogic/>
                        <IsToolbarButton/>
                        <IsDefaultFocus>N</IsDefaultFocus>
                        <IsAdvancedField>N</IsAdvancedField>
                        <VFormat/>
                        <AD_LabelStyle_ID reference="id"/>
                        <AD_FieldStyle_ID reference="id"/>
                        <IsQuickForm>N</IsQuickForm>
                        <Placeholder/>
                        <IsSelectionColumn/>
                        <AD_Val_Rule_Lookup_ID reference="id"/>
                        <ColumnSQL/>
                        <AD_Chart_ID reference="id"/>
                        <AlwaysUpdatableLogic/>
                        <AD_Field_Trl type="translation">
                            <Description>Optional short description of the record</Description>
                            <Help>A description is limited to 255 characters.</Help>
                            <Name>Description</Name>
                            <Placeholder/>
                            <AD_Language>es_CO</AD_Language>
                            <IsActive>Y</IsActive>
                            <IsTranslated>N</IsTranslated>
                        </AD_Field_Trl>
                    </AD_Field>
                    <AD_Field type="table">
                        <AD_Client_ID>0</AD_Client_ID>
                        <AD_Org_ID>0</AD_Org_ID>
                        <Name>Active</Name>
                        <Description>The record is active in the system</Description>
                        <Help>There are two methods of making records unavailable in the system: One is to delete the record, the other is to de-activate the record. A de-activated record is not available for selection, but available for reports.
There are two reasons for de-activating and not deleting records:
(1) The system requires the record for audit purposes.
(2) The record is referenced by other records. E.g., you cannot delete a Business Partner, if there are invoices for this partner record existing. You de-activate the Business Partner and prevent that this record is used for future entries.</Help>
                        <AD_Tab_ID reference="uuid" reference-key="AD_Tab">291553f4-ee3e-4b59-aef2-a7a281bb9fbc</AD_Tab_ID>
                        <AD_Column_ID reference="uuid" reference-key="AD_Column">9f302754-6b1c-4b14-826a-330f6d9fbea5</AD_Column_ID>
                        <IsDisplayed>Y</IsDisplayed>
                        <DisplayLogic/>
                        <DisplayLength>1</DisplayLength>
                        <SeqNo>40</SeqNo>
                        <SortNo/>
                        <IsSameLine>N</IsSameLine>
                        <IsHeading>N</IsHeading>
                        <IsFieldOnly>N</IsFieldOnly>
                        <IsEncrypted>N</IsEncrypted>
                        <IsActive>Y</IsActive>
                        <IsReadOnly>N</IsReadOnly>
                        <IsCentrallyMaintained>Y</IsCentrallyMaintained>
                        <AD_FieldGroup_ID reference="id"/>
                        <EntityType>U</EntityType>
                        <ObscureType/>
                        <AD_Reference_ID reference="id"/>
                        <IsMandatory/>
                        <DefaultValue/>
                        <AD_Reference_Value_ID reference="id"/>
                        <AD_Val_Rule_ID reference="id"/>
                        <Included_Tab_ID reference="id"/>
                        <AD_Field_UU>2ebdca6e-5de1-4fc5-8ad5-d697b0cd4a6a</AD_Field_UU>
                        <IsAllowCopy/>
                        <IsDisplayedGrid>Y</IsDisplayedGrid>
                        <SeqNoGrid>30</SeqNoGrid>
                        <XPosition>2</XPosition>
                        <ColumnSpan>2</ColumnSpan>
                        <NumLines>1</NumLines>
                        <IsQuickEntry>N</IsQuickEntry>
                        <IsUpdateable/>
                        <IsAlwaysUpdateable/>
                        <MandatoryLogic/>
                        <ReadOnlyLogic/>
                        <IsToolbarButton/>
                        <IsDefaultFocus>N</IsDefaultFocus>
                        <IsAdvancedField>N</IsAdvancedField>
                        <VFormat/>
                        <AD_LabelStyle_ID reference="id"/>
                        <AD_FieldStyle_ID reference="id"/>
                        <IsQuickForm>N</IsQuickForm>
                        <Placeholder/>
                        <IsSelectionColumn/>
                        <AD_Val_Rule_Lookup_ID reference="id"/>
                        <ColumnSQL/>
                        <AD_Chart_ID reference="id"/>
                        <AlwaysUpdatableLogic/>
                        <AD_Field_Trl type="translation">
                            <Description>The record is active in the system</Description>
                            <Help>There are two methods of making records unavailable in the system: One is to delete the record, the other is to de-activate the record. A de-activated record is not available for selection, but available for reports.
There are two reasons for de-activating and not deleting records:
(1) The system requires the record for audit purposes.
(2) The record is referenced by other records. E.g., you cannot delete a Business Partner, if there are invoices for this partner record existing. You de-activate the Business Partner and prevent that this record is used for future entries.</Help>
                            <Name>Active</Name>
                            <Placeholder/>
                            <AD_Language>es_CO</AD_Language>
                            <IsActive>Y</IsActive>
                            <IsTranslated>N</IsTranslated>
                        </AD_Field_Trl>
                    </AD_Field>
                    <AD_Field type="table">
                        <AD_Client_ID>0</AD_Client_ID>
                        <AD_Org_ID>0</AD_Org_ID>
                        <Name>Table Example</Name>
                        <Description/>
                        <Help/>
                        <AD_Tab_ID reference="uuid" reference-key="AD_Tab">291553f4-ee3e-4b59-aef2-a7a281bb9fbc</AD_Tab_ID>
                        <AD_Column_ID reference="uuid" reference-key="AD_Column">88f08721-c0c0-4573-bf00-7331b560371d</AD_Column_ID>
                        <IsDisplayed>N</IsDisplayed>
                        <DisplayLogic/>
                        <DisplayLength>22</DisplayLength>
                        <SeqNo/>
                        <SortNo/>
                        <IsSameLine>N</IsSameLine>
                        <IsHeading>N</IsHeading>
                        <IsFieldOnly>N</IsFieldOnly>
                        <IsEncrypted>N</IsEncrypted>
                        <IsActive>Y</IsActive>
                        <IsReadOnly>N</IsReadOnly>
                        <IsCentrallyMaintained>Y</IsCentrallyMaintained>
                        <AD_FieldGroup_ID reference="id"/>
                        <EntityType>U</EntityType>
                        <ObscureType/>
                        <AD_Reference_ID reference="id"/>
                        <IsMandatory/>
                        <DefaultValue/>
                        <AD_Reference_Value_ID reference="id"/>
                        <AD_Val_Rule_ID reference="id"/>
                        <Included_Tab_ID reference="id"/>
                        <AD_Field_UU>b64e55c6-3969-4316-9d9b-2324ad141a16</AD_Field_UU>
                        <IsAllowCopy/>
                        <IsDisplayedGrid>N</IsDisplayedGrid>
                        <SeqNoGrid/>
                        <XPosition>1</XPosition>
                        <ColumnSpan>2</ColumnSpan>
                        <NumLines>1</NumLines>
                        <IsQuickEntry>N</IsQuickEntry>
                        <IsUpdateable/>
                        <IsAlwaysUpdateable/>
                        <MandatoryLogic/>
                        <ReadOnlyLogic/>
                        <IsToolbarButton/>
                        <IsDefaultFocus>N</IsDefaultFocus>
                        <IsAdvancedField>N</IsAdvancedField>
                        <VFormat/>
                        <AD_LabelStyle_ID reference="id"/>
                        <AD_FieldStyle_ID reference="id"/>
                        <IsQuickForm>N</IsQuickForm>
                        <Placeholder/>
                        <IsSelectionColumn/>
                        <AD_Val_Rule_Lookup_ID reference="id"/>
                        <ColumnSQL/>
                        <AD_Chart_ID reference="id"/>
                        <AlwaysUpdatableLogic/>
                        <AD_Field_Trl type="translation">
                            <Description/>
                            <Help/>
                            <Name>Table Example</Name>
                            <Placeholder/>
                            <AD_Language>es_CO</AD_Language>
                            <IsActive>Y</IsActive>
                            <IsTranslated>N</IsTranslated>
                        </AD_Field_Trl>
                    </AD_Field>
                    <AD_Field type="table">
                        <AD_Client_ID>0</AD_Client_ID>
                        <AD_Org_ID>0</AD_Org_ID>
                        <Name>TL_TableExample_UU</Name>
                        <Description/>
                        <Help/>
                        <AD_Tab_ID reference="uuid" reference-key="AD_Tab">291553f4-ee3e-4b59-aef2-a7a281bb9fbc</AD_Tab_ID>
                        <AD_Column_ID reference="uuid" reference-key="AD_Column">5afbed02-5261-400b-9124-ea9fbaf4c4ed</AD_Column_ID>
                        <IsDisplayed>N</IsDisplayed>
                        <DisplayLogic/>
                        <DisplayLength>36</DisplayLength>
                        <SeqNo/>
                        <SortNo/>
                        <IsSameLine>N</IsSameLine>
                        <IsHeading>N</IsHeading>
                        <IsFieldOnly>N</IsFieldOnly>
                        <IsEncrypted>N</IsEncrypted>
                        <IsActive>Y</IsActive>
                        <IsReadOnly>N</IsReadOnly>
                        <IsCentrallyMaintained>Y</IsCentrallyMaintained>
                        <AD_FieldGroup_ID reference="id"/>
                        <EntityType>U</EntityType>
                        <ObscureType/>
                        <AD_Reference_ID reference="id"/>
                        <IsMandatory/>
                        <DefaultValue/>
                        <AD_Reference_Value_ID reference="id"/>
                        <AD_Val_Rule_ID reference="id"/>
                        <Included_Tab_ID reference="id"/>
                        <AD_Field_UU>191216f7-45a2-40a1-b614-83b09f907914</AD_Field_UU>
                        <IsAllowCopy/>
                        <IsDisplayedGrid>N</IsDisplayedGrid>
                        <SeqNoGrid/>
                        <XPosition>1</XPosition>
                        <ColumnSpan>2</ColumnSpan>
                        <NumLines>1</NumLines>
                        <IsQuickEntry>N</IsQuickEntry>
                        <IsUpdateable/>
                        <IsAlwaysUpdateable/>
                        <MandatoryLogic/>
                        <ReadOnlyLogic/>
                        <IsToolbarButton/>
                        <IsDefaultFocus>N</IsDefaultFocus>
                        <IsAdvancedField>N</IsAdvancedField>
                        <VFormat/>
                        <AD_LabelStyle_ID reference="id"/>
                        <AD_FieldStyle_ID reference="id"/>
                        <IsQuickForm>N</IsQuickForm>
                        <Placeholder/>
                        <IsSelectionColumn/>
                        <AD_Val_Rule_Lookup_ID reference="id"/>
                        <ColumnSQL/>
                        <AD_Chart_ID reference="id"/>
                        <AlwaysUpdatableLogic/>
                        <AD_Field_Trl type="translation">
                            <Description/>
                            <Help/>
                            <Name>TL_TableExample_UU</Name>
                            <Placeholder/>
                            <AD_Language>es_CO</AD_Language>
                            <IsActive>Y</IsActive>
                            <IsTranslated>N</IsTranslated>
                        </AD_Field_Trl>
                    </AD_Field>
                </AD_Tab>
            </AD_Window>
        </AD_Menu>
        <AD_Menu type="table">
            <Parent_ID reference="uuid" reference-key="AD_Menu">6e8300b7-32d1-4586-a3cc-6c1b06f20458</Parent_ID>
            <SeqNo>0</SeqNo>
            <AD_Client_ID>0</AD_Client_ID>
            <AD_Org_ID>0</AD_Org_ID>
            <Name>Process Example</Name>
            <Description/>
            <Action>P</Action>
            <AD_Window_ID reference="id"/>
            <AD_Workflow_ID reference="id"/>
            <AD_Task_ID reference="id"/>
            <IsActive>Y</IsActive>
            <IsSummary>N</IsSummary>
            <AD_Process_ID reference="uuid" reference-key="AD_Process">304abaca-05fb-4eea-8e15-421e0be90637</AD_Process_ID>
            <IsSOTrx>N</IsSOTrx>
            <AD_Form_ID reference="id"/>
            <IsReadOnly>N</IsReadOnly>
            <EntityType>U</EntityType>
            <IsCentrallyMaintained>Y</IsCentrallyMaintained>
            <AD_Menu_UU>7b242bdf-996f-4021-88eb-9ce4620e4b28</AD_Menu_UU>
            <AD_InfoWindow_ID reference="id"/>
            <PredefinedContextVariables/>
            <AD_Menu_Trl type="translation">
                <Description/>
                <Name>Process Example</Name>
                <AD_Language>es_CO</AD_Language>
                <IsActive>Y</IsActive>
                <IsTranslated>N</IsTranslated>
            </AD_Menu_Trl>
            <AD_Process type="table">
                <AD_Client_ID>0</AD_Client_ID>
                <AD_Org_ID>0</AD_Org_ID>
                <IsActive>Y</IsActive>
                <Name>Process Example</Name>
                <Description/>
                <Help/>
                <ProcedureName/>
                <IsReport>N</IsReport>
                <Value>ProcessExample</Value>
                <IsDirectPrint>N</IsDirectPrint>
                <AD_ReportView_ID reference="id"/>
                <Classname>com.ingeint.example.process.PPrintPluginInfo</Classname>
                <AccessLevel>3</AccessLevel>
                <EntityType>U</EntityType>
                <Statistic_Count>5</Statistic_Count>
                <Statistic_Seconds>40</Statistic_Seconds>
                <AD_PrintFormat_ID reference="id"/>
                <WorkflowValue/>
                <AD_Workflow_ID reference="id"/>
                <IsBetaFunctionality>N</IsBetaFunctionality>
                <ShowHelp>Y</ShowHelp>
                <JasperReport/>
                <AD_Form_ID reference="id"/>
                <CopyFromProcess>N</CopyFromProcess>
                <AD_Process_UU>304abaca-05fb-4eea-8e15-421e0be90637</AD_Process_UU>
                <AD_CtxHelp_ID reference="id"/>
                <ExecutionType/>
                <AllowMultipleExecution>P</AllowMultipleExecution>
                <FileNamePattern/>
                <AD_Process_Trl type="translation">
                    <Description/>
                    <Help/>
                    <Name>Process Example</Name>
                    <AD_Language>es_CO</AD_Language>
                    <IsActive>Y</IsActive>
                    <IsTranslated>N</IsTranslated>
                </AD_Process_Trl>
                <AD_Process_Para type="table">
                    <AD_Client_ID>0</AD_Client_ID>
                    <AD_Org_ID>0</AD_Org_ID>
                    <IsActive>Y</IsActive>
                    <Name>Name</Name>
                    <Description>Alphanumeric identifier of the entity</Description>
                    <Help>The name of an entity (record) is used as an default search option in addition to the search key. The name is up to 60 characters in length.</Help>
                    <AD_Process_ID reference="uuid" reference-key="AD_Process">304abaca-05fb-4eea-8e15-421e0be90637</AD_Process_ID>
                    <SeqNo>10</SeqNo>
                    <AD_Reference_ID reference="id">10</AD_Reference_ID>
                    <AD_Reference_Value_ID reference="id"/>
                    <IsRange>N</IsRange>
                    <AD_Val_Rule_ID reference="id"/>
                    <FieldLength>60</FieldLength>
                    <IsMandatory>Y</IsMandatory>
                    <DefaultValue/>
                    <VFormat/>
                    <ValueMin/>
                    <ValueMax/>
                    <ColumnName>Name</ColumnName>
                    <DefaultValue2/>
                    <IsCentrallyMaintained>Y</IsCentrallyMaintained>
                    <EntityType>U</EntityType>
                    <AD_Element_ID reference="id">469</AD_Element_ID>
                    <ReadOnlyLogic/>
                    <DisplayLogic/>
                    <AD_Process_Para_UU>4d403768-52fa-4a09-953d-6b1f6099cf4f</AD_Process_Para_UU>
                    <IsEncrypted>N</IsEncrypted>
                    <MandatoryLogic/>
                    <Query/>
                    <AD_FieldGroup_ID reference="id"/>
                    <Placeholder/>
                    <Placeholder2/>
                    <IsAutocomplete>N</IsAutocomplete>
                    <DateRangeOption>D</DateRangeOption>
                    <IsShowNegateButton>N</IsShowNegateButton>
                    <AD_Process_Para_Trl type="translation">
                        <Description>Alphanumeric identifier of the entity</Description>
                        <Help>The name of an entity (record) is used as an default search option in addition to the search key. The name is up to 60 characters in length.</Help>
                        <Name>Name</Name>
                        <Placeholder/>
                        <Placeholder2/>
                        <AD_Language>es_CO</AD_Language>
                        <IsActive>Y</IsActive>
                        <IsTranslated>N</IsTranslated>
                    </AD_Process_Para_Trl>
                </AD_Process_Para>
            </AD_Process>
        </AD_Menu>
        <AD_Menu type="table">
            <Parent_ID reference="uuid" reference-key="AD_Menu">6e8300b7-32d1-4586-a3cc-6c1b06f20458</Parent_ID>
            <SeqNo>1</SeqNo>
            <AD_Client_ID>0</AD_Client_ID>
            <AD_Org_ID>0</AD_Org_ID>
            <Name>Form Example</Name>
            <Description/>
            <Action>X</Action>
            <AD_Window_ID reference="id"/>
            <AD_Workflow_ID reference="id"/>
            <AD_Task_ID reference="id"/>
            <IsActive>Y</IsActive>
            <IsSummary>N</IsSummary>
            <AD_Process_ID reference="id"/>
            <IsSOTrx>N</IsSOTrx>
            <AD_Form_ID reference="uuid" reference-key="AD_Form">e30010b6-fbc1-4397-99c7-10c0bfa66991</AD_Form_ID>
            <IsReadOnly>N</IsReadOnly>
            <EntityType>U</EntityType>
            <IsCentrallyMaintained>Y</IsCentrallyMaintained>
            <AD_Menu_UU>d98ed7d0-6f60-4caa-8ea1-de127fed9fa8</AD_Menu_UU>
            <AD_InfoWindow_ID reference="id"/>
            <PredefinedContextVariables/>
            <AD_Menu_Trl type="translation">
                <Description/>
                <Name>Form Example</Name>
                <AD_Language>es_CO</AD_Language>
                <IsActive>Y</IsActive>
                <IsTranslated>N</IsTranslated>
            </AD_Menu_Trl>
            <AD_Form type="table">
                <AD_Client_ID>0</AD_Client_ID>
                <AD_Org_ID>0</AD_Org_ID>
                <IsActive>Y</IsActive>
                <Name>Form Example</Name>
                <Description/>
                <Help/>
                <Classname>com.ingeint.example.form.FPrintPluginInfo</Classname>
                <AccessLevel>3</AccessLevel>
                <EntityType>U</EntityType>
                <IsBetaFunctionality>N</IsBetaFunctionality>
                <JSPURL/>
                <AD_Form_UU>e30010b6-fbc1-4397-99c7-10c0bfa66991</AD_Form_UU>
                <AD_CtxHelp_ID reference="id"/>
                <ImageURL/>
                <AD_Form_Trl type="translation">
                    <Description/>
                    <Help/>
                    <Name>Form Example</Name>
                    <AD_Language>es_CO</AD_Language>
                    <IsActive>Y</IsActive>
                    <IsTranslated>N</IsTranslated>
                </AD_Form_Trl>
            </AD_Form>
        </AD_Menu>
    </AD_Menu>
</idempiere>
