<?xml version="1.0" encoding="UTF-8"?><idempiere Name="INGEINT Entity Type" Version="1.0" idempiereVersion="" DataBaseVersion="" Description="" Author="" AuthorEmail="" CreatedDate="2015-10-01 16:37:54.974" UpdatedDate="2015-10-01 16:37:54.974" PackOutVersion="100" UpdateDictionary="false" Client="0-SYSTEM-System" AD_Client_UU="11237b53-9592-4af1-b3c5-afd216514b5d">
    <AD_EntityType type="table">
        <AD_Client_ID>0</AD_Client_ID>
        <AD_Org_ID>0</AD_Org_ID>
        <EntityType>IGI</EntityType>
        <IsActive>Y</IsActive>
        <Name>INGEINT</Name>
        <Description>INFORMACION GERENCIAL INTEGRAL INGEINT SA</Description>
        <Help>Web: [http://ingeint.ec; http://ingeint.com], Email: [info@ingeint.ec]</Help>
        <Version>1.0</Version>
        <ModelPackage>com.ingeint.model</ModelPackage>
        <Classpath/>
        <Processing>N</Processing>
        <AD_EntityType_UU>8f87f9b2-64fe-4cb0-a967-e57b3b4401ea</AD_EntityType_UU>
    </AD_EntityType>
</idempiere>
